sequence,ticker,trade_date,team_id,llm_model,selected_analysts,trace_dir,source_report_dir,report_dir,decision_path,llm_calls,tool_calls,tokens_in,tokens_out,executive_summary
1,1347.HK,2026-03-02,lite,deepseek-chat,"market,news,fundamentals",results\analysis\1347.HK_2026_0421_0008,,backtest\output\0421-0008-1347HK\reports\2026-0302-1347HK,backtest\output\0421-0008-1347HK\reports\2026-0302-1347HK\2_decision\summary.md,4,8,27475,7600,"**分析日期**  
2026-03-02  

**分析截面**  
基于2026-03-02前一个交易日（2026-02-27）收盘后的价格、技术指标、新闻及基本面数据综合判断。  

**截面价格**  
96.75 美元  

**趋势判断**  
风险主导  

**建议行动**  
建议卖出  

**1-2周核心判断**  
短期技术面已转弱（价格跌破短期均线，MACD下穿零轴，结构呈高点下移），叠加宏观面突发重大利空（中东地缘冲突升级引发全球风险资产抛售），系统性风险主导股价走势。公司基本面虽具长期安全边际，但无法抵消短期宏观冲击与技术破位风险。  

**执行摘要**  
技术调整与宏观黑天鹅事件形成共振，短期下行风险显著占优。持仓者应优先防守，而非逆势布局。  

**关键催化因素**  
1. 宏观风险：中东冲突升级导致全球避险情绪骤升，原油暴涨，科技股估值承压。  
2. 技术破位风险：价格正测试关键中期支撑（50日SMA 93.65），若收盘有效跌破可能引发更深回调。  

**关键风险**  
1. 宏观局势不确定性极高，冲突若持续将压制风险偏好。  
2. 技术面若失守93.65支撑，下一支撑在89.53（布林下轨）及87.00（前期密集区上沿）。  

**入场方式**  
（基于已有持仓视角）  
- 减仓/止损：若收盘价有效跌破93.65美元（50日SMA），应考虑减仓或止损。  
- 反弹减仓：若股价反弹至102.8-105.0美元阻力区，可部分了结以降低风险。  

**失效条件**  
（卖出建议的失效条件，即风险缓解信号）  
1. 宏观面：中东冲突快速缓和，且全球风险资产（尤其美股半导体板块）企稳反弹。  
2. 技术面：股价在93.65美元上方强势企稳，并放量收复98.32美元（10日EMA）。  

**适合的场景**  
- 持仓者进行风险控制，降低组合波动。  
- 规避系统性风险、短期波动率较高的环境。  

**不适合的场景**  
- 无持仓者试图左侧抄底。  
- 仅基于长期基本面逻辑而忽视短期宏观与技术面风险。  

**证据摘要**  
1. 技术面：短期趋势转空（价格低于10日EMA，MACD负值），正测试关键支撑93.65；若破位则中期结构转弱。  
2. 新闻面：宏观黑天鹅事件（美伊冲突升级）主导市场情绪，半导体板块面临系统性抛压。  
3. 基本面：公司虽现金充裕，但行业周期下行、盈利承压，短期无法对冲宏观风险。  
4. 综合结论：风险因素（宏观冲击+技术破位风险）已占主导，优先考虑防守。"
2,1347.HK,2026-03-03,lite,deepseek-chat,"market,news,fundamentals",results\analysis\1347.HK_2026_0421_0008_02,,backtest\output\0421-0008-1347HK\reports\2026-0303-1347HK,backtest\output\0421-0008-1347HK\reports\2026-0303-1347HK\2_decision\summary.md,4,8,26142,7168,"**分析日期**
2026-03-03

**分析截面**
综合技术、新闻与基本面分析。

**截面价格**
92.95港元

**趋势判断**
风险主导

**建议行动**
建议卖出

**1-2周核心判断**
宏观地缘政治风险（美伊冲突升级）成为压倒性主导因素，引发全球风险资产抛售，对高贝塔的半导体板块构成直接冲击。技术面显示短期下跌趋势明确，股价已跌破50日均线关键支撑，动量指标恶化，正测试核心支撑区。基本面处于盈利低谷，无法对冲短期宏观与技术风险。整体风险显著高于潜在收益。

**执行摘要**
宏观黑天鹅事件导致市场进入避险模式，技术趋势破位，基本面缺乏短期催化剂。在不确定性消除前，应优先降低风险暴露。

**关键催化因素**
1.  地缘政治局势出现明确缓和信号，全球风险偏好修复。
2.  股价在关键支撑区（90.0-88.7港元）出现强劲企稳反转信号并放量收复50日均线（约94.06港元）。

**关键风险**
1.  地缘政治冲突升级或延长，持续压制风险偏好。
2.  股价放量跌破86.0港元支撑，技术结构进一步恶化。
3.  行业需求复苏不及预期，公司毛利率持续低迷。

**入场方式**
（基于已有持仓视角）利用任何向94.0-94.5港元（50日均线附近）的反弹减仓或离场；若股价直接跌破90.0港元，应考虑止损。

**失效条件**
股价放量强势突破并站稳100.0-101.5港元阻力区，且宏观风险情绪显著缓解，则短期下行趋势可能被逆转。

**适合的场景**
投资者需要执行止损纪律、降低组合风险暴露或进行避险操作。

**不适合的场景**
试图抄底、基于长期基本面进行逆向投资、或无法承受高波动。

**证据摘要**
1.  **宏观/新闻**：美伊军事冲突骤然升级，全球风险偏好急剧恶化，构成强烈负面宏观冲击。
2.  **技术**：股价跌破50日均线，MACD下穿零轴，RSI走弱，短期趋势明确向下，正测试90.0-88.7港元支撑区。
3.  **基本面**：公司处于经营性亏损状态，毛利率仅11.8%，缺乏短期盈利催化剂，无法抵御系统性风险。"
3,1347.HK,2026-03-04,lite,deepseek-chat,"market,news,fundamentals",results\analysis\1347.HK_2026_0421_0008_03,,backtest\output\0421-0008-1347HK\reports\2026-0304-1347HK,backtest\output\0421-0008-1347HK\reports\2026-0304-1347HK\2_decision\summary.md,4,8,26028,7709,"**分析日期**  
2026-03-04

**分析截面**  
基于2026年3月3日收盘后的技术、新闻与基本面数据综合判断。

**截面价格**  
87.8 美元

**趋势判断**  
风险主导

**建议行动**  
建议卖出

**1-2周核心判断**  
技术面已明确转空（价格跌破50日SMA，MACD零轴下方加速下行），叠加宏观地缘政治风险（美伊冲突升级）主导市场情绪，短期下行风险显著。尽管存在超卖反弹可能，但趋势破坏与风险因素已占优，应优先控制风险。

**执行摘要**  
技术趋势破坏、宏观风险冲击主导短期价格行为，基本面虽具长期价值但无法对冲即时风险。建议持仓者优先减仓或止损，降低风险敞口。

**关键催化因素**  
1. 地缘政治局势若进一步升级，将加剧全球风险资产抛售。  
2. 若价格跌破关键支撑86.5美元，可能引发新一轮技术性卖盘。

**关键风险**  
1. 技术面下跌动量强劲，任何反弹均面临94.5-95.0美元（10日EMA/50日SMA）强阻力压制。  
2. 宏观不确定性极高，市场情绪脆弱，易出现非理性下跌。

**入场方式**  
（针对已有持仓）  
1. **反弹减仓**：若股价反弹至94.5-95.0美元阻力区域，建议减仓。  
2. **直接止损**：若股价直接跌破86.5美元支撑，建议止损离场。

**失效条件**  
1. 地缘政治风险迅速缓和，且股价放量强势突破95.0美元并站稳。  
2. 价格在80.8-83.5美元关键支撑区域出现明确企稳反转信号（如长下影线、晨星形态），并伴随成交量显著放大。

**适合的场景**  
1. 持仓者需要执行风险控制、降低仓位。  
2. 风险厌恶型投资者规避短期高波动环境。

**不适合的场景**  
1. 试图在当前价位抄底或博取短线反弹。  
2. 基于长期基本面逻辑进行逆向建仓（短期时机不佳）。

**证据摘要**  
1. **技术面**：价格已跌破50日SMA，MACD零轴下方加速下行，呈现“高点下移、低点下移”的下跌结构。  
2. **宏观面**：美伊军事冲突升级推高全球风险溢价，引发科技股无差别抛售。  
3. **基本面**：公司短期盈利能见度低，虽现金充裕但无法抵消短期市场情绪冲击。  
4. **报告共识**：技术报告结论为“风险大于机会，以防御观望为主”；新闻报告结论为“短期偏空，建议谨慎观望”；基本面报告虽提示长期价值，但明确短期盈利困境。"
4,1347.HK,2026-03-05,lite,deepseek-chat,"market,news,fundamentals",results\analysis\1347.HK_2026_0421_0008_04,,backtest\output\0421-0008-1347HK\reports\2026-0305-1347HK,backtest\output\0421-0008-1347HK\reports\2026-0305-1347HK\2_decision\summary.md,4,8,26874,8191,"**分析日期**  
2026-03-05  

**分析截面**  
基于2026-03-04收盘价的技术面、新闻面与基本面综合判断  

**截面价格**  
86.25 港元  

**趋势判断**  
风险主导  

**建议行动**  
建议卖出  

**1-2周核心判断**  
技术面已明确转弱：价格跌破所有关键短期与中期均线，MACD死叉且绿柱扩大，呈现放量下跌与低点下移格局。基本面虽现金流稳健，但盈利能力严重恶化（毛利率仅11.8%，经营亏损），且缺乏短期催化剂。宏观面地缘冲突升级压制风险偏好，公司处于新闻静默期，股价受外部情绪驱动。综合来看，下行风险与趋势破坏已占主导，应优先考虑降低风险。  

**执行摘要**  
技术趋势破坏、盈利可见度低、宏观风险加剧三者叠加，当前状态已从“震荡调整”转为“风险主导”。持仓者应优先止损或减仓，不宜等待反弹。  

**关键催化因素**  
1. 地缘冲突快速缓和，带动全球风险资产反弹。  
2. 公司发布超预期业绩或重大业务进展，打破静默期。  
3. 行业需求复苏信号出现，带动毛利率预期改善。  

**关键风险**  
1. 技术面支撑位85.0港元若被放量跌破，可能引发新一轮抛售。  
2. 地缘冲突外推导致原油暴涨、外资流出港股，流动性收紧。  
3. 公司下季度毛利率继续下滑，证伪“困境反转”逻辑。  

**入场方式**  
（已有持仓视角）  
- 持仓者应于当前价格附近（86.0-87.0港元）或可能的技术性反弹中（如接近94.0-95.0港元阻力区）执行减仓或止损。  
- 严格止损参考：收盘价有效跌破85.0港元支撑位。  

**失效条件**  
1. 价格放量回升并连续三日站稳10日EMA（约93.0港元）上方，且MACD绿柱显著收敛。  
2. 公司突发重大利好公告（如毛利率显著改善、大客户订单），驱动价格强势反转。  

**适合的场景**  
- 持仓者进行风险控制，降低仓位暴露。  
- 短线交易者利用反弹阻力位减仓。  

**不适合的场景**  
- 左侧抄底或新建多头仓位。  
- 基于长期现金流价值而忽视短期趋势破坏的持仓。  

**证据摘要**  
1. 技术面：价格跌破50日/10日均线，MACD死叉且绿柱扩大，RSI弱势，布林带下轨被击穿，呈现放量下跌结构。  
2. 基本面：2025财年毛利率仅11.8%，经营亏损，盈利可见度低；虽现金流健康，但短期无法抵消趋势恶化。  
3. 新闻面：公司处于新闻静默期，无自身催化剂；宏观地缘冲突升级压制风险偏好，港股流动性承压。"
5,1347.HK,2026-03-06,lite,deepseek-chat,"market,news,fundamentals",results\analysis\1347.HK_2026_0421_0008_05,,backtest\output\0421-0008-1347HK\reports\2026-0306-1347HK,backtest\output\0421-0008-1347HK\reports\2026-0306-1347HK\2_decision\summary.md,4,8,25352,7686,"**分析日期**  
2026-03-06  

**分析截面**  
综合技术面、基本面及宏观环境分析。技术面显示短期与中期趋势已破坏，处于深度调整；基本面凸显财务稳健但盈利疲弱；宏观环境偏暖但缺乏公司具体催化剂。  

**截面价格**  
87.25 美元  

**趋势判断**  
风险主导  

**建议行动**  
建议卖出  

**1-2周核心判断**  
价格已跌破所有关键短期与中期均线，MACD与RSI同步走弱，呈现“高点下移、低点下移”的下跌结构。尽管长期趋势未破且宏观政策偏暖，但短期技术面恶化、缺乏公司层面催化剂，下行风险主导价格行为，持仓者应优先减仓控制风险。  

**执行摘要**  
技术面确认中期调整进行中，动量指标未见背离，支撑位85.15-86.25区域面临考验。基本面虽财务稳健，但盈利端承压，无短期修复催化剂。宏观暖风无法抵消个股技术破位与信息缺失风险。当前应优先防守。  

**关键催化因素**  
1. 价格在85-86区域强势企稳并形成底背离结构。  
2. 公司发布超预期的财报或重大业务进展公告。  
3. 行业需求快速回暖带动产能利用率提升预期。  

**关键风险**  
1. 技术面支撑85.15-86.25被有效跌破，可能加速下探80关口。  
2. 公司盈利修复慢于预期，费用控制不力。  
3. 行业周期复苏延迟，新增产能无法消化。  

**入场方式**  
（持仓者视角）利用向95-97阻力区域（50日SMA及前期密集区）的反弹进行减仓；若价格直接跌破85.15，应考虑止损撤离。  

**失效条件**  
1. 价格放量突破并站稳100-102.80阻力区，中期下跌结构被破坏。  
2. 公司发布重大利好公告，驱动价格强势反转并收复95.25以上。  

**适合的场景**  
1. 持仓者执行风险控制、降低仓位。  
2. 看空短期技术走势的波段交易。  
3. 等待更低位布局的长线投资者（需耐心观望）。  

**不适合的场景**  
1. 试图抄底或逆势博反弹的短线交易。  
2. 基于宏观暖风而忽视个股技术破位的买入。  
3. 期待短期盈利催化驱动的快速上涨。  

**证据摘要**  
1. 技术面：价格跌破所有短期均线，MACD死叉且绿柱扩大，RSI弱势无背离，关键支撑85.15-86.25受考验。  
2. 基本面：2025财年主营业务亏损，毛利率仅11.8%，盈利依赖政府补助等非经营收入，短期缺乏改善催化剂。  
3. 宏观与信息面：宏观政策偏暖但公司层面新闻真空，无法形成直接利好；技术破位与信息缺失叠加，风险收益比恶化。"
6,1347.HK,2026-03-09,lite,deepseek-chat,"market,news,fundamentals",results\analysis\1347.HK_2026_0421_0010,,backtest\output\0421-0008-1347HK\reports\2026-0309-1347HK,backtest\output\0421-0008-1347HK\reports\2026-0309-1347HK\2_decision\summary.md,4,8,27184,7600,"**分析日期**  
2026-03-09

**分析截面**  
综合技术面（中期调整、短期超卖）、宏观面（地缘风险主导、公司信息缺失）与基本面（盈利承压但现金流充裕、财务稳健）。

**截面价格**  
88.0 美元

**趋势判断**  
震荡等待确认

**建议行动**  
保持观望

**1-2周核心判断**  
技术面处于长期牛市中的深度中期调整，短期趋势明确转弱且空头动量强劲，价格接近超卖支撑但企稳信号未现；宏观面因地缘冲突与油价飙升导致风险偏好骤降，且公司层面信息真空，无法对冲系统性风险。多空因素仍在拉扯，方向尚未重新明确，当前不足以形成完整、可执行的交易计划。

**执行摘要**  
长期牛市结构未坏，但中期调整与宏观风险叠加，短期缺乏明确入场信号。建议空仓者耐心等待价格企稳或宏观风险缓和后的确认信号，持仓者不宜恐慌杀跌但需严守止损纪律。

**关键催化因素**  
1. 技术性反弹：价格触及布林带下轨（84.66）后出现缩量止跌K线组合。  
2. 宏观缓和：中东局势降温、油价显著回落。  
3. 公司信息：发布正面财报或业务公告，对冲宏观悲观情绪。

**关键风险**  
1. 宏观风险外溢：地缘冲突持续推高油价，引发全球风险资产进一步抛售。  
2. 技术破位：价格有效跌破84.00支撑，调整加深。  
3. 信息真空：公司层面潜在未披露的负面风险。

**入场方式**  
当前不急于参与。未来转多需观察：1）价格在84.66-86.25支撑区域出现明显缩量企稳信号（如日线收盘站稳86.25上方）；2）放量突破10日EMA（约91.37）并站稳。

**失效条件**  
（不适用于“保持观望”）

**适合的场景**  
1. 长线投资者等待更明确的行业周期拐点与公司毛利率改善信号。  
2. 短线交易者等待宏观风险缓和后的技术反弹机会。

**不适合的场景**  
1. 试图抄底博弈短期反转。  
2. 在宏观风险未缓解前基于长期逻辑进行左侧大笔建仓。

**证据摘要**  
1. 技术面：价格跌破所有中短期均线，MACD与RSI显示空头动量强劲，但接近布林带下轨支撑。  
2. 宏观面：地缘冲突导致油价暴涨，风险偏好恶化，且无公司层面利好对冲。  
3. 基本面：公司盈利承压但现金流充裕、资产负债表健康，提供长期安全边际，但短期无法抵消宏观与技术面压力。  
4. 综合结论：多空因素拉扯，缺乏可执行的入场方案，需等待企稳或风险缓和信号确认。"
7,1347.HK,2026-03-10,lite,deepseek-chat,"market,news,fundamentals",results\analysis\1347.HK_2026_0421_0010_02,,backtest\output\0421-0008-1347HK\reports\2026-0310-1347HK,backtest\output\0421-0008-1347HK\reports\2026-0310-1347HK\2_decision\summary.md,4,8,25790,7723,"分析日期：2026-03-10
分析截面：综合技术、新闻与基本面分析
截面价格：87.30 美元
趋势判断：风险主导
建议行动：建议卖出
1-2周核心判断：技术面短期与中期趋势均已明确转弱，价格跌破所有短期及中期均线，MACD位于零轴下方且无背离，下跌动能强劲。尽管长期趋势未破且基本面提供长期安全边际，但1-2周内下行风险与防守需求已占主导，应优先考虑风险控制。
执行摘要：技术面显示明确的下跌趋势与疲弱动能，关键支撑位（84.0-80.4）岌岌可危。新闻面无公司层面催化剂，宏观环境存在地缘风险扰动。基本面虽提供长期安全边际，但无法抵消短期技术破位风险。综合判断，当前风险远大于机会，操作应以防御为主。
关键催化因素：1. 价格在80.4-84.0关键支撑区域出现明确缩量企稳及底部反转形态。2. 公司发布显著利好公告（如业绩预增、重大合同）。3. 价格放量突破并站稳50日SMA（96.03美元）。
关键风险：1. 技术面下跌动量未衰竭，若有效跌破80.4前低将打开下行空间。2. 信息不对称风险，缺乏公司近期经营信息。3. 宏观地缘冲突升级压制全球风险偏好。4. 高波动率（ATR值5.69）增加持仓风险。
入场方式：已有持仓者应利用向10日EMA（约91.24美元）或96.0-97.0阻力区域的反弹机会减仓。严格止损可设置在80.40美元下方。
失效条件：价格放量突破并站稳96.0美元（50日SMA）以上，且MACD形成金叉，则短期下跌趋势可能被扭转，需重新评估。
适合的场景：1. 持仓者执行风险控制、减仓或止损。2. 风险厌恶型投资者规避短期下行风险。
不适合的场景：1. 试图在当前价位抄底或进行左侧买入。2. 基于长期基本面逻辑而忽视短期趋势破坏进行加仓。
证据摘要：1. 技术：价格（87.3）低于所有短期及中期均线（10日EMA 91.24，50日SMA 96.03）；MACD深度为负（-2.94）且无背离；RSI（43.7）处于弱势区间；关键支撑位84.0-80.4面临考验。2. 新闻：公司层面信息缺失，宏观存在地缘风险等偏空因素。3. 基本面：长期财务结构稳健，现金充裕，但短期盈利能见度低，无法对冲技术面破位风险。"
8,1347.HK,2026-03-11,lite,deepseek-chat,"market,news,fundamentals",results\analysis\1347.HK_2026_0421_0010_03,,backtest\output\0421-0008-1347HK\reports\2026-0311-1347HK,backtest\output\0421-0008-1347HK\reports\2026-0311-1347HK\2_decision\summary.md,4,8,26436,7509,"**分析日期**  
2026-03-11  

**分析截面**  
基于2026年3月10日收盘后的技术、新闻与基本面报告综合判断。  

**截面价格**  
90.65 美元  

**趋势判断**  
风险主导  

**建议行动**  
建议卖出  

**1-2周核心判断**  
技术面显示中期趋势已转弱，价格跌破所有中短期均线，MACD处于零轴下方；宏观面受美伊军事冲突升级主导，全球风险偏好骤降，港股市场承压；基本面虽财务稳健，但短期盈利能见度低，缺乏正面催化剂对冲宏观风险。当前环境由下行风险与防守需求主导，应优先控制风险。  

**执行摘要**  
技术调整、宏观风险与基本面缺乏短期催化三者叠加，形成明确的“风险主导”格局。持仓者应优先考虑减仓或止损，而非寻求买入机会。  

**关键催化因素**  
1. 美伊冲突若意外快速缓和，可能带来市场情绪修复。  
2. 公司发布超预期业绩或重大业务进展，但近期无相关迹象。  

**关键风险**  
1. 地缘政治风险溢出导致全球股市普跌，港股流动性收紧。  
2. 技术面若跌破近期低点80.40，可能打开更大下行空间。  
3. 公司信息真空，股价易受宏观情绪摆动放大波动。  

**入场方式**  
（基于已有持仓视角）  
考虑在反弹至关键阻力区96.45-97.00美元附近减仓；若价格直接跌破近期低点80.40美元且无法快速收回，应执行止损。  

**失效条件**  
1. 价格放量突破并站稳102.50-105.50美元区域，同时MACD回归零轴上方形成金叉。  
2. 美伊冲突迅速缓和，且公司发布重大利好，推动价格强势反转。  

**适合的场景**  
1. 持仓者进行风险敞口管理。  
2. 风险厌恶型投资者规避不确定性。  

**不适合的场景**  
1. 试图左侧抄底或博取反弹。  
2. 基于长期基本面布局（短期宏观风险压倒长期逻辑）。  

**证据摘要**  
1. 技术：价格低于10日EMA（91.33）及50日SMA（96.46），MACD负值，RSI中性偏弱，显示空头格局。  
2. 新闻：美伊冲突升级推升全球避险情绪，公司层面无任何正面新闻对冲。  
3. 基本面：短期盈利承压，毛利率仅约11.8%，依赖非经常性收入，缺乏1-3个月内估值修复催化剂。"
9,1347.HK,2026-03-12,lite,deepseek-chat,"market,news,fundamentals",results\analysis\1347.HK_2026_0421_0010_04,,backtest\output\0421-0008-1347HK\reports\2026-0312-1347HK,backtest\output\0421-0008-1347HK\reports\2026-0312-1347HK\2_decision\summary.md,4,8,27219,7552,"**分析日期**  
2026-03-12

**分析截面**  
综合技术面、宏观新闻与基本面分析

**截面价格**  
91.75 美元

**趋势判断**  
风险主导

**建议行动**  
建议卖出

**1-2周核心判断**  
突发的美伊军事冲突急剧升级，已主导全球风险情绪，导致宏观风险溢价飙升。技术面虽显示长期趋势完好且短期有超卖反弹迹象，但中期趋势已破坏（股价持续低于50日与10日均线），且当前宏观环境下，技术支撑的有效性面临严峻考验。基本面虽提供长期财务安全垫，但短期盈利能见度低，无法对冲系统性风险。综合判断，下行风险已占优，应优先考虑降低风险。

**执行摘要**  
地缘政治“黑天鹅”事件成为主导变量，市场进入避险模式。尽管公司长期逻辑与财务基础稳固，但短期股价受系统性抛压与流动性收紧冲击的风险极高。在局势明朗前，技术面支撑可能失效，建议持仓者优先减仓或止损以控制风险。

**关键催化因素**  
1. 美伊冲突出现缓和信号（如外交谈判、停火协议）。  
2. 公司发布显著超预期的正面经营数据或回购公告。  
3. 中国出台强力稳增长政策，对冲外部风险。

**关键风险**  
1. 地缘冲突扩大化，导致油价飙升、全球“滞胀”担忧加剧。  
2. 避险情绪持续引发资金从港股流出，市场流动性恶化。  
3. 股价跌破技术关键支撑位（87.50美元），引发新一轮下跌。

**入场方式**  
（基于已有持仓视角）利用任何向关键阻力位（96.50-97.00美元区域）的反弹进行减仓。若股价直接走弱，应考虑在收盘价有效跌破87.50美元支撑时止损撤离。

**失效条件**  
1. 美伊冲突在1-2周内出现明确、可信的缓和迹象，且全球风险资产V型反弹。  
2. 股价放量强势突破并站稳50日均线（96.50美元以上），中期趋势修复信号得到确认。

**适合的场景**  
1. 持仓者需要执行风险控制、降低仓位。  
2. 市场处于宏观风险主导的避险环境，需优先保存本金。

**不适合的场景**  
1. 试图逆势抄底或进行左侧布局。  
2. 仅基于长期基本面逻辑而忽略短期系统性风险。

**证据摘要**  
1. **宏观风险主导**：新闻报告明确指出，美伊冲突升级是“强烈负面”事件，导致全球风险溢价飙升，港股面临系统性抛压。  
2. **技术趋势破坏**：技术报告确认中期趋势已破坏（股价低于下行中的50日与10日均线），且当前更接近“中期调整”而非趋势启动点。  
3. **基本面无法对冲短期风险**：基本面报告显示公司短期盈利能见度低，虽财务稳健，但无法抵消宏观冲击。  
4. **交易建议一致指向防守**：技术报告建议持仓者在阻力位减仓；新闻报告建议“观望或谨慎偏空”，并提示在宏观风险前技术面可能失效。"
10,1347.HK,2026-03-13,lite,deepseek-chat,"market,news,fundamentals",results\analysis\1347.HK_2026_0421_0012,,backtest\output\0421-0008-1347HK\reports\2026-0313-1347HK,backtest\output\0421-0008-1347HK\reports\2026-0313-1347HK\2_decision\summary.md,4,8,27702,8245,"**分析日期**  
2026-03-13  

**分析截面**  
基于2026年3月12日收盘后的技术、新闻与基本面数据综合判断。  

**截面价格**  
95.0 美元  

**趋势判断**  
风险主导  

**建议行动**  
建议卖出  

**1-2周核心判断**  
技术面显示中期趋势已明确转弱（价格跌破50日均线，MACD处于零轴下方，反弹量能不足），叠加宏观层面美伊军事冲突升级引发全球风险资产抛售与避险情绪高涨，而公司层面处于新闻真空期，无法提供基本面缓冲。当前下行风险、趋势破坏及负面催化已占优，应优先降低风险。  

**执行摘要**  
技术调整压力、宏观风险主导与基本面信息真空形成三重压制，短期趋势破坏且缺乏立即反转的催化剂，持仓者应优先减仓或止损以控制风险。  

**关键催化因素**  
1. 美伊冲突若快速缓和，可能带来市场情绪修复。  
2. 公司发布显著超预期的正面经营数据或产能爬坡信号。  

**关键风险**  
1. 宏观地缘政治风险持续，导致全球风险偏好恶化、港股流动性收缩。  
2. 技术面若反弹无法收复99.0-101.5阻力区，可能进一步下探支撑。  
3. 公司处于信息真空期，股价完全暴露于系统性风险之下。  

**入场方式**  
（基于已有持仓视角）在股价反弹至99.0-101.5阻力区附近减仓；若价格直接下跌，收盘有效跌破91.0支撑时应考虑进一步止损离场。  

**失效条件**  
1. 价格放量强势突破并站稳101.5美元以上，同时MACD回归零轴上方形成金叉。  
2. 美伊冲突出现确定性缓和信号，且港股市场风险偏好显著修复。  

**适合的场景**  
1. 持仓者需要执行止损纪律或锁定利润以控制下行风险。  
2. 投资者认为宏观风险将持续压制市场，优先降低仓位敞口。  

**不适合的场景**  
1. 长线投资者基于公司巨额现金储备及逆周期布局逻辑，愿意忍受短期波动且无仓位调整需求。  
2. 试图左侧抄底博弈反弹的短线交易（当前属于逆势操作，需快进快出并严控仓位）。  

**证据摘要**  
1. 技术面：价格已跌破50日均线（97.24），MACD处于负值区，RSI低于50，反弹量能不足，关键阻力在99.0-101.5。  
2. 新闻面：美伊军事冲突升级引发全球风险资产抛售、油价飙升，市场避险情绪主导；公司层面无任何利好新闻对冲。  
3. 基本面：公司2025财年呈现“会计亏损但经营现金流健康”的背离状态，短期盈利承压，缺乏1-3个月内盈利显著改善的催化剂。"
11,1347.HK,2026-03-16,lite,deepseek-chat,"market,news,fundamentals",results\analysis\1347.HK_2026_0421_0013,,backtest\output\0421-0008-1347HK\reports\2026-0316-1347HK,backtest\output\0421-0008-1347HK\reports\2026-0316-1347HK\2_decision\summary.md,4,8,27691,8549,"**分析日期**  
2026-03-16  

**分析截面**  
基于2026-03-13收盘价及截至2026-03-16的技术、宏观与基本面信息综合判断。  

**截面价格**  
88.0 美元  

**趋势判断**  
震荡等待确认  

**建议行动**  
保持观望  

**1-2周核心判断**  
技术面处于长期牛市中的中期调整阶段，价格在关键支撑（86.00-87.00）与阻力（92.00-98.00）间震荡，短期方向未明；宏观面受地缘政治危机（油价突破100美元）与中国经济数据向好的多空力量激烈冲突，主导市场情绪；基本面显示公司财务稳健但盈利疲弱，缺乏短期催化。综合来看，多空因素仍在拉扯，当前不足以形成完整、可执行的交易计划。  

**执行摘要**  
价格处于中期调整中的震荡区间，宏观风险与支撑因素并存，方向需等待更明确的信号确认。建议空仓者保持观望，不急于入场。  

**关键催化因素**  
1. 地缘政治局势缓和（油价显著回落），带动全球风险偏好修复。  
2. 价格放量突破并站稳92.00（10日EMA）或97.60-98.00（50日SMA）阻力区。  
3. 中国后续经济数据持续超预期，强化“避风港”逻辑。  

**关键风险**  
1. 地缘冲突升级导致油价持续飙升，引发全球滞胀交易深化。  
2. 价格放量跌破86.00-87.00支撑区，并进一步失守83.27（布林带下轨）。  
3. 港股流动性风险在外资抛压下放大波动。  

**入场方式**  
当前不急于参与。未来若转多，需观察：1）价格带量突破92.00并回踩确认；或2）在86.00-87.00支撑区企稳且宏观风险缓和。  

**失效条件**  
（当前无入场计划，故不适用）  

**适合的场景**  
1. 长线逆向投资者，愿意承受波动等待半导体周期复苏。  
2. 等待宏观风险落地与技术面右侧信号明确的耐心交易者。  

**不适合的场景**  
1. 短期趋势交易者，缺乏明确方向与盈利催化。  
2. 厌恶亏损或追求高股息收益的投资者。  

**证据摘要**  
1. 技术面：价格位于86.00-92.00震荡区间，中期趋势转弱（低于50日SMA），但长期趋势完好（高于200日SMA）。动量指标（MACD收敛、RSI中性）显示短期下跌动能减弱，但反弹量能不足。  
2. 宏观面：中东冲突推高油价至100美元以上，压制全球风险偏好；中国经济数据良好形成支撑，多空力量激烈博弈。  
3. 基本面：公司现金储备充裕（344亿元），财务稳健，但主营业务亏损，毛利率仅11.8%，缺乏短期盈利改善催化剂。"
12,1347.HK,2026-03-17,lite,deepseek-chat,"market,news,fundamentals",results\analysis\1347.HK_2026_0421_0013_02,,backtest\output\0421-0008-1347HK\reports\2026-0317-1347HK,backtest\output\0421-0008-1347HK\reports\2026-0317-1347HK\2_decision\summary.md,4,8,27030,7883,"**分析日期**
2026-03-17

**分析截面**
综合技术、新闻与基本面报告。技术面呈现长期趋势完好、中期调整、短期尝试筑底的格局；新闻面无公司直接催化剂，宏观多空交织（地缘风险 vs 国内韧性）；基本面显示公司财务稳健但短期盈利承压，处于逆周期投资阶段。

**截面价格**
94.50 美元

**趋势判断**
趋势延续

**建议行动**
择机买入

**1-2周核心判断**
长期上升趋势结构稳固（价格远高于200日均线），短期出现放量反弹与动量修复信号，表明下跌动能衰减，尝试构筑短期底部。尽管中期受50日均线压制且宏观存在不确定性，但整体上涨逻辑（长期趋势+底部结构）未破坏。当前不适合追高，更适合利用回调布局，参与潜在的底部回升与趋势延续。

**执行摘要**
技术结构支持在关键支撑区域分批买入，以参与长期趋势中的中期调整修复行情。操作上避免追涨，耐心等待回调机会，严格设置失效条件以控制风险。

**关键催化因素**
1.  技术面放量止跌反弹，动量指标（MACD、RSI）底部修复。
2.  长期上升趋势结构完好，提供强劲下方缓冲。
3.  国内制造业数据（汽车出口）与产业政策（外资项目）提供宏观韧性支撑。
4.  公司现金储备极端充裕，具备逆周期扩张能力，为长期价值提供支撑。

**关键风险**
1.  中期趋势阻力（50日均线约98.0美元）尚未突破，可能限制反弹空间。
2.  地缘政治风险（美伊冲突）持续，可能引发全球风险资产高波动。
3.  公司主营业务当前处于亏损状态，盈利修复时间不确定。
4.  市场波动率（ATR）高企，价格可能剧烈震荡。

**入场方式**
回调分批参与。优先关注价格回调至 **91.70-90.60美元**（10日EMA及近期支撑）或 **87.80-86.30美元**（前期平台支撑）区域出现的企稳信号时介入。

**失效条件**
1.  收盘价有效跌破 **83.10美元**（布林带下轨及前低），意味着短期筑底结构失败。
2.  反弹无法触及98.0美元阻力并再次掉头向下，跌破90.60美元支撑。

**适合的场景**
1.  相信长期趋势力量，并愿意承受短期高波动以获取潜在反弹收益的投资者。
2.  能够执行分批建仓、严格止损纪律的投资者。
3.  将其作为长期配置中国半导体制造的一部分，进行左侧布局。

**不适合的场景**
1.  追求短期快速盈利、无法承受高波动的短线交易者。
2.  要求立即看到基本面盈利改善或趋势强势突破的投资者。
3.  风险厌恶型或完全规避地缘政治不确定性影响的投资者。

**证据摘要**
1.  **趋势结构**：价格远高于上行中的200日均线（67.08美元），长期趋势完好；短期放量站上10日EMA，出现筑底迹象。
2.  **动量与量价**：MACD负值收敛，RSI自超卖区反弹；3月16日放量（4836万）反弹7.39%，显示低位买盘强劲。
3.  **关键价位**：明确支撑区（87.8-91.7美元）与阻力位（98.0美元），提供可执行的交易区间。
4.  **宏观与基本面**：宏观多空交织但国内有韧性；公司财务稳健（现金充裕、经营现金流为正），为度过周期提供安全垫。"
13,1347.HK,2026-03-18,lite,deepseek-chat,"market,news,fundamentals",results\analysis\1347.HK_2026_0421_0014,,backtest\output\0421-0008-1347HK\reports\2026-0318-1347HK,backtest\output\0421-0008-1347HK\reports\2026-0318-1347HK\2_decision\summary.md,4,8,26314,7309,"**分析日期**  
2026-03-18  

**分析截面**  
综合技术面、新闻面与基本面分析  

**截面价格**  
91.35港元  

**趋势判断**  
风险主导  

**建议行动**  
建议卖出  

**1-2周核心判断**  
地缘政治风险（伊朗与以色列、美国直接军事冲突）已完全主导市场情绪，引发全球避险模式。技术面显示价格跌破所有关键中期均线，中期趋势转弱，且波动率高企。尽管长期基本面财务稳健、现金充裕，但宏观风险压倒一切，股价将受系统性抛压与流动性收紧主导，下行风险显著。  

**执行摘要**  
宏观风险急剧升温，技术面中期结构破坏，短期下行压力主导。应优先降低风险暴露，持仓者利用反弹减仓。  

**关键催化因素**  
1. 地缘政治局势升级或缓和信号（核心变量）。  
2. 港股系统性资金流出情况。  
3. 公司发布年报或业绩预告（暂未公布）。  

**关键风险**  
1. 地缘冲突进一步恶化，导致全球风险资产继续承压。  
2. 港股流动性枯竭，外资避险抛售加剧。  
3. 技术面若放量跌破83.2港元支撑，调整深度将扩大。  

**入场方式**  
（已有持仓视角）利用向98.0-100.0港元阻力区域的反弹进行减仓；若价格直接下行，跌破87.0港元支撑时考虑进一步止损撤离。  

**失效条件**  
1. 地缘政治局势迅速缓和，且价格放量突破并站稳100港元上方。  
2. 公司发布远超预期的重大利好，驱动价格逆势强势反弹。  

**适合的场景**  
1. 持仓者需要控制整体组合风险暴露。  
2. 市场避险情绪持续，宏观不确定性居高不下。  
3. 投资者认同“现金为王”，优先保全资本。  

**不适合的场景**  
1. 基于长期价值投资且能承受极大短期波动的投资者。  
2. 试图左侧抄底、博弈短期反弹的交易。  

**证据摘要**  
1. **新闻面**：中东直接军事冲突升级，全球风险溢价飙升，避险模式开启；公司层面信息真空，无利好对冲。  
2. **技术面**：价格跌破50日及10日均线，MACD位于零轴下方，中期趋势转弱；关键阻力在98-100港元，支撑在87-88港元。  
3. **基本面**：公司财务稳健、现金充裕，但短期盈利承压，且行业周期复苏节奏受宏观风险压制。"
14,1347.HK,2026-03-19,lite,deepseek-chat,"market,news,fundamentals",results\analysis\1347.HK_2026_0421_0015,,backtest\output\0421-0008-1347HK\reports\2026-0319-1347HK,backtest\output\0421-0008-1347HK\reports\2026-0319-1347HK\2_decision\summary.md,4,8,26530,7611,"**分析日期**  
2026-03-19  

**分析截面**  
基于2026-03-18收盘后的技术、新闻与基本面数据综合判断。  

**截面价格**  
94.85港元  

**趋势判断**  
震荡等待确认  

**建议行动**  
保持观望  

**1-2周核心判断**  
技术面呈现“长期牛、中期调、短期震”格局，价格处于中期均线压制下的宽幅震荡，动量指标偏弱且缺乏明确方向信号；宏观层面地缘风险升温、流动性环境复杂，而公司处于新闻真空期，基本面短期盈利能见度低。多空因素仍在拉扯，当前不足以形成完整、可执行的交易计划。  

**执行摘要**  
长期趋势虽未破坏，但中短期已进入调整震荡阶段。技术面缺乏明确方向信号，宏观风险占优且公司缺乏催化剂，建议优先观望，等待更明确的技术突破或基本面改善信号。  

**关键催化因素**  
1. 价格带量强势突破并站稳50日均线（98.4港元）之上，同时MACD零轴上方金叉。  
2. 全球半导体行业库存周期出现明确触底信号，或公司发布超预期的运营数据。  
3. 地缘局势意外缓和，推动全球风险偏好回升。  

**关键风险**  
1. 宏观波动溢出：地缘冲突推高油价，引发滞胀担忧，压制成长股估值。  
2. 技术面破位：价格收盘有效跌破86.3港元强支撑，可能打开更大下行空间。  
3. 行业复苏延迟：半导体需求回暖慢于预期，公司产能利用率持续承压。  

**入场方式**  
当前不急于参与。未来若转多，需观察：1）价格放量突破98.4-99.0港元阻力区并回踩确认；或2）回落至86.3-88.0港元强支撑区出现企稳信号。  

**失效条件**  
1. 价格收盘价有效跌破86.3港元支撑。  
2. 宏观风险加剧（如油价持续飙升、美联储进一步推迟降息），导致市场风险偏好系统性下降。  

**适合的场景**  
1. 长线投资者利用波动进行左侧分批布局的初期研究阶段。  
2. 短线交易者在91.4-98.4港元区间内进行高抛低吸（非方向性押注）。  

**不适合的场景**  
1. 基于短期趋势延续的追涨或回调买入交易。  
2. 寻求短期业绩催化或稳定分红的投资。  

**证据摘要**  
1. 技术面：价格低于50日均线，MACD位于零轴下方，RSI中性震荡，布林带收敛，显示中期调整、短期缺乏方向。  
2. 新闻面：公司新闻真空，宏观上地缘冲突升级、美联储按兵不动，风险偏好受压制。  
3. 基本面：公司处于战略投入期，现金充裕但短期盈利能见度低，毛利率承压，依赖行业周期复苏。  
综合来看，当前状态既未形成趋势延续的明确参与方案，也未达到风险主导需立即减仓的程度，故判断为震荡等待确认。"
15,1347.HK,2026-03-20,lite,deepseek-chat,"market,news,fundamentals",results\analysis\1347.HK_2026_0421_0015_02,,backtest\output\0421-0008-1347HK\reports\2026-0320-1347HK,backtest\output\0421-0008-1347HK\reports\2026-0320-1347HK\2_decision\summary.md,4,8,26924,7682,"分析日期：2026-03-20
分析截面：综合技术面、基本面及宏观环境分析
截面价格：91.18 美元
趋势判断：震荡等待确认
建议行动：保持观望
1-2周核心判断：技术面呈现中期调整、短期震荡筑底格局，但缺乏明确方向信号；宏观地缘风险主导市场情绪，压制风险偏好；基本面虽具长期价值但短期盈利能见度低。多空因素拉扯，当前不足以形成完整、可执行的交易计划。
执行摘要：股价处于长期牛市中的中期回调阶段，在关键支撑（87.80-88.00）与阻力（98.40-99.00）间宽幅震荡。宏观避险环境与公司新闻真空使其缺乏独立上涨催化剂，技术面反弹量能不足。当前既未出现趋势延续的明确参与信号，也未达到风险主导需立即减仓的程度，故应保持观望。
关键催化因素：1. 地缘政治局势意外缓和；2. 股价放量突破94.50并站稳50日均线（98.40以上）；3. 公司发布超预期的业务或订单公告。
关键风险：1. 地缘冲突升级导致全球风险资产抛售；2. 股价有效跌破85.00关键支撑，调整加深；3. 全球贸易放缓影响公司远期需求预期。
入场方式：当前不急于参与。未来若转为看多，需观察两个条件同时满足：1. 宏观避险情绪显著缓解（如地缘局势出现降温信号）；2. 股价日线收盘价放量突破94.50美元并企稳。
失效条件：不适用（当前状态为观望）。
适合的场景：适合能够忍受高波动、等待长期基本面兑现的投资者作为观察标的；适合短线交易者在87.80-94.00区间内进行高抛低吸（非本建议行动）。
不适合的场景：不适合寻求短期趋势性上涨的投资者；不适合无法接受宏观不确定性及账面亏损的投资者。
证据摘要：1. 技术面：价格位于50日及10日均线下方，MACD底背离但未金叉，RSI处于弱势区间，反弹量能不足，显示方向未明。2. 宏观面：美伊冲突升级，WTO下调贸易预期，市场避险情绪浓厚。3. 基本面：公司现金充裕、经营现金流强劲，但报表利润受折旧拖累为负，短期盈利能见度低。"
16,1347.HK,2026-03-23,lite,deepseek-chat,"market,news,fundamentals",results\analysis\1347.HK_2026_0421_0015_03,,backtest\output\0421-0008-1347HK\reports\2026-0323-1347HK,backtest\output\0421-0008-1347HK\reports\2026-0323-1347HK\2_decision\summary.md,4,8,26625,7929,"**分析日期**  
2026-03-23  

**分析截面**  
综合技术面、基本面及宏观新闻面分析。技术面显示中期调整、短期弱势；基本面呈现财务稳健但盈利疲软；宏观面地缘政治风险主导市场情绪。  

**截面价格**  
88.40 港元（参考2026-03-20收盘价）  

**趋势判断**  
震荡等待确认  

**建议行动**  
保持观望  

**1-2周核心判断**  
价格处于长期牛市中的中期深度回调阶段，但短期技术面偏空，量价结构弱势。宏观面因地缘政治风险（美伊冲突升级）导致风险偏好骤降，市场处于避险模式。公司层面信息真空，缺乏基本面催化剂。多空因素剧烈拉扯，方向未明，当前无法形成完整、可执行的交易计划。  

**执行摘要**  
技术面接近关键支撑（85.9-86.25港元），但反弹缺乏量能配合，中期均线已转为阻力。基本面虽现金充裕、财务安全垫厚，但短期盈利恶化，缺乏拐点信号。宏观风险主导，市场处于无差别抛售压力中。综合判断，当前应等待更明确的企稳信号或风险缓和信号，不宜急于入场。  

**关键催化因素**  
1. 地缘政治局势意外缓和（如停火信号、航道威胁解除）。  
2. 价格放量站稳50日SMA（98.3港元）上方，技术结构转强。  
3. 公司发布超预期的正面经营数据或回购公告。  

**关键风险**  
1. 地缘冲突扩大化（如霍尔木兹海峡实际封锁），引发全球风险资产抛售。  
2. 技术面有效跌破85.9港元支撑，向下测试81.4-82.6港元区域。  
3. 外资流动性持续流出港股，加剧个股流动性枯竭。  

**入场方式**  
当前不急于参与。未来若转多，需观察：1）价格在81.5-83.0港元（布林带下轨）或85.9-86.5港元（近期密集区）出现放量企稳信号；或2）价格放量突破并站稳98.3港元（50日SMA）后回踩确认。  

**失效条件**  
1. 收盘价有效跌破85.9港元支撑，且无法快速收回。  
2. 地缘政治风险进一步升级，导致市场恐慌性下跌。  

**适合的场景**  
1. 长线配置型投资者，愿意用时间等待半导体周期反转。  
2. 能承受较高波动、善于等待明确右侧信号的交易者。  

**不适合的场景**  
1. 追求短期盈利催化或趋势动量交易的投资者。  
2. 风险承受能力较低、无法接受宏观不确定性冲击的投资者。  

**证据摘要**  
1. 技术面：价格跌破50日SMA（98.3港元），短期均线空头排列，RSI处于弱势区，量价结构显示反弹缩量。  
2. 基本面：2025财年经营溢利亏损，毛利率仅11.8%，但现金储备雄厚（3439.8亿元），财务结构稳健。  
3. 宏观面：美伊冲突持续，伊朗威胁封锁霍尔木兹海峡，全球避险情绪升温，港股面临系统性抛压。  
4. 公司信息：分析周期内无公司特异性新闻，无法评估个体基本面是否恶化。"
17,1347.HK,2026-03-24,lite,deepseek-chat,"market,news,fundamentals",results\analysis\1347.HK_2026_0421_0017,,backtest\output\0421-0008-1347HK\reports\2026-0324-1347HK,backtest\output\0421-0008-1347HK\reports\2026-0324-1347HK\2_decision\summary.md,4,8,27476,7836,"**分析日期**
2026-03-24

**分析截面**
基于2026-03-23收盘后的技术、新闻与基本面数据综合分析。

**截面价格**
83.30 美元

**趋势判断**
风险主导

**建议行动**
建议卖出

**1-2周核心判断**
技术面显示中期趋势已明确转弱（价格大幅跌破50日与10日均线，MACD处于零轴下方），且呈现“放量下跌、缩量反弹”的疲弱结构。宏观层面地缘政治风险（美伊冲突升级）显著升温，主导市场风险偏好，对半导体等风险资产构成压制。基本面虽长期稳健，但缺乏短期盈利催化剂，无法对冲技术与宏观风险。综合来看，下行风险与防守需求已占主导地位。

**执行摘要**
技术趋势破坏与宏观风险主导当前价格行为，应优先执行风险控制。建议持仓者利用反弹减仓或设定止损，以规避进一步下行风险。

**关键催化因素**
1.  地缘政治风险（美伊冲突）出现显著缓和迹象，可能缓解全球风险溢价。
2.  价格放量强势收复90-91.5区域（10日EMA），扭转短期下跌结构。

**关键风险**
1.  技术面关键支撑81.2-81.5美元被有效跌破，可能打开更大下行空间。
2.  美伊冲突升级或长期化，持续打压全球科技股风险偏好。
3.  半导体行业需求复苏晚于预期，加剧公司盈利压力。

**入场方式**
（基于已有持仓视角）考虑在价格向90-91.5美元阻力区域反弹时减仓；或设定止损于81.00美元下方，若跌破则果断离场。

**失效条件**
1.  价格在81.20美元上方强势企稳并放量反弹，连续两日收盘站稳88.00美元上方。
2.  地缘政治风险迅速消退，且股价伴随显著放量（日成交量>2000万手）重返90.00美元以上。

**适合的场景**
1.  当前持有仓位，需要执行止损或反弹减仓的投资者。
2.  风险规避型投资者，优先考虑保全资本。

**不适合的场景**
1.  试图在当前价位抄底博弈反弹的短线交易。
2.  基于长期基本面逻辑但无法承受短期大幅波动的左侧布局。

**证据摘要**
1.  **技术趋势破坏**：价格（83.3）已显著跌破50日均线（98.2）和10日EMA（89.22），MACD处于零轴下方，中期动量转空。
2.  **结构疲弱**：近期呈现“放量下跌、缩量反弹”特征，显示资金流出为主，反弹抛压沉重。
3.  **宏观风险主导**：美伊军事冲突升级，推升全球风险溢价与避险情绪，直接压制风险资产。
4.  **基本面真空**：公司层面无短期催化剂，且处于行业周期底部与高资本开支阶段，报表盈利承压，无法提供上行驱动。"
18,1347.HK,2026-03-25,lite,deepseek-chat,"market,news,fundamentals",results\analysis\1347.HK_2026_0421_0017_02,,backtest\output\0421-0008-1347HK\reports\2026-0325-1347HK,backtest\output\0421-0008-1347HK\reports\2026-0325-1347HK\2_decision\summary.md,4,8,27537,7762,"**分析日期**  
2026-03-25  

**分析截面**  
基于2026-03-24收盘价，综合技术面、新闻面与基本面信息。  

**截面价格**  
86.85港元  

**趋势判断**  
震荡等待确认  

**建议行动**  
保持观望  

**1-2周核心判断**  
长期牛市结构完好，但中短期趋势已转弱，价格处于均线下方震荡。多空因素仍在拉扯：技术面在关键支撑区域（82.50-83.30港元）有初步企稳迹象，但上方均线压制明显，且缺乏公司层面催化剂确认方向。当前不足以形成完整、可执行的入场方案，需等待价格企稳或突破关键阻力的明确信号。  

**执行摘要**  
技术面呈现“长期强、中短期弱”的冲突格局，价格在关键支撑与中期均线阻力间震荡。新闻面处于信息真空期，无有效催化剂。基本面显示公司处于逆周期扩张阶段，短期盈利承压但财务安全边际极高。综合来看，方向尚未重新明确，建议暂时观望，等待更清晰的信号。  

**关键催化因素**  
1. 价格在82.50-83.30港元支撑区域出现缩量企稳并伴随日线阳线反包。  
2. 放量突破10日EMA（约89.12港元）并进一步挑战94.50-95.00港元阻力区。  
3. 公司发布2026年第一季度财报（预计未来1-2个月），业绩或指引超预期。  

**关键风险**  
1. 价格有效跌破81.20港元前低，打开下行空间。  
2. 行业需求复苏不及预期，公司产能利用率提升缓慢，延长盈利压力。  
3. 中期均线（50日线约98.15港元）持续压制，反弹无力后再度下探。  

**入场方式**  
当前不急于参与。未来若转多，需观察价格在82.50-84.00港元区域出现缩量企稳信号，或日线收盘确认突破89.12港元（10日EMA）。  

**失效条件**  
1. 日线收盘价有效跌破81.20港元。  
2. 反弹无法站稳10日EMA并再度放量下跌。  

**适合的场景**  
1. 长线配置型投资者，愿意用时间换取行业周期反转与公司产能释放的共振。  
2. 震荡区间交易者，在82.50-94.50港元区间内高抛低吸（快进快出，严格止损）。  

**不适合的场景**  
1. 追求短期业绩高增长或稳定分红的投资者。  
2. 希望立即获得明确趋势方向指引的交易者。  

**证据摘要**  
1. 技术面：价格低于10日、50日均线，MACD处于零轴下方，RSI中性偏弱，短期趋势偏空；但长期200日均线支撑稳固，关键支撑区域82.50-83.30港元多次测试。  
2. 新闻面：本周无有效公司新闻，宏观信息难以直接定价，缺乏短期催化剂。  
3. 基本面：2025年主营业务经营亏损，毛利率仅11.8%，但现金储备充裕（343.98亿元），经营现金流健康，处于逆周期资本开支阶段。"
19,1347.HK,2026-03-26,lite,deepseek-chat,"market,news,fundamentals",results\analysis\1347.HK_2026_0421_0018,,backtest\output\0421-0008-1347HK\reports\2026-0326-1347HK,backtest\output\0421-0008-1347HK\reports\2026-0326-1347HK\2_decision\summary.md,4,8,26709,7308,"**分析日期**  
2026-03-26  

**分析截面**  
基于2026-03-25收盘后的技术、新闻与基本面数据综合判断。  

**截面价格**  
88.65港元  

**趋势判断**  
风险主导  

**建议行动**  
建议卖出  

**1-2周核心判断**  
中期上升趋势已破坏（价格显著跌破50日均线），宏观地缘政治风险（美伊冲突升级、美国国内动荡）主导市场情绪，技术面呈现弱势反弹且成交量不足。尽管长期牛市格局未变且公司财务稳健，但短期下行风险与防守需求已占优，应优先降低风险。  

**执行摘要**  
技术面显示中期调整压力大，宏观风险加剧压制风险偏好，基本面虽具长期安全边际但短期无法对冲趋势走弱。综合判断当前处于风险主导状态，持仓者应优先考虑减仓或止损。  

**关键催化因素**  
1. 美伊冲突若出现外交缓和，可能提振全球风险偏好。  
2. 半导体行业需求端出现实质性拐点信号。  

**关键风险**  
1. 地缘冲突扩大导致供应链与能源成本风险上升。  
2. 价格若跌破80.4港元前低，将确认下跌趋势延续。  
3. 宏观避险情绪持续压制科技股估值。  

**入场方式**  
（基于已有持仓视角）  
- 反弹至94.5-98.0港元阻力区域减仓。  
- 若价格直接走弱，收盘价跌破83.0港元（近期支撑下沿）视为止损信号。  

**失效条件**  
1. 价格放量突破并站稳98.0-100.0港元区域（50日均线）。  
2. 美伊冲突快速缓和，且股价收复94.5港元阻力。  

**适合的场景**  
- 持仓者进行风险控制、止盈或止损。  
- 风险厌恶型投资者规避宏观不确定性。  

**不适合的场景**  
- 试图左侧抄底或逆势加仓。  
- 基于长期基本面逻辑而忽视短期趋势破坏。  

**证据摘要**  
1. 技术面：价格跌破50日均线（97.98港元），RSI持续低于50，反弹成交量不足，结构呈下降通道。  
2. 宏观面：美伊军事冲突升级、美国国内局势动荡，系统性风险压制科技板块。  
3. 基本面：公司短期盈利承压，虽现金充裕可提供长期安全垫，但无法抵消短期趋势与宏观风险。"
20,1347.HK,2026-03-27,lite,deepseek-chat,"market,news,fundamentals",results\analysis\1347.HK_2026_0421_0018_02,,backtest\output\0421-0008-1347HK\reports\2026-0327-1347HK,backtest\output\0421-0008-1347HK\reports\2026-0327-1347HK\2_decision\summary.md,4,8,28303,8038,"**分析日期**  
2026-03-27  

**分析截面**  
基于2026-03-26收盘后的技术、新闻与基本面数据综合判断。  

**截面价格**  
83.15港元  

**趋势判断**  
风险主导  

**建议行动**  
建议卖出  

**1-2周核心判断**  
技术面中期与短期趋势均已转空，价格被所有主要短期均线压制，MACD持续恶化且位于零轴下方，下跌动量未止。尽管长期上升结构未破且公司基本面具备长期韧性，但宏观层面中东地缘政治风险急剧升级，主导市场避险情绪，短期下行风险显著高于反弹机会。  

**执行摘要**  
技术面显示价格处于明确的中期调整探底过程，关键支撑位于81.20-83.30港元。宏观地缘政治风险（美以对伊朗军事行动升级、霍尔木兹海峡可能关闭）构成强烈外部冲击，压制整体科技股风险偏好。基本面虽显示公司财务稳健、现金充裕，但无法抵消短期技术破位与宏观风险主导的下行压力。持仓者应优先考虑风险控制。  

**关键催化因素**  
1. 地缘政治风险意外缓和（美伊冲突降级），可能迅速提振风险偏好。  
2. 价格在81.20-83.30港元支撑区域出现强力买盘并形成日线级别看涨反转形态。  

**关键风险**  
1. **趋势与动量风险**：价格已形成“高点下移、低点下移”的下降结构，MACD负值扩大，下行动量未衰竭。  
2. **宏观风险**：中东冲突升级可能持续推高避险情绪，引发全球科技股系统性抛压。  
3. **支撑破位风险**：若价格有效跌破81.20港元前低，可能打开更大下行空间。  

**入场方式**  
（基于已有持仓视角）考虑在价格反弹至94.50-97.84港元阻力区域遇阻时减仓；或设置止损于关键支撑81.20港元下方，若跌破则执行止损撤离。  

**失效条件**  
1. 价格放量强势反弹，连续两日收盘站上10日EMA（约87.08港元）并伴随MACD改善。  
2. 地缘政治局势出现明确、快速的降温信号，市场风险偏好大幅回升。  

**适合的场景**  
1. 持仓者需要执行止损或减仓以控制下行风险。  
2. 市场处于宏观风险事件主导的避险环境，优先保存资本。  

**不适合的场景**  
1. 试图在当前价位抄底或博弈短期反弹。  
2. 基于长期基本面逻辑而忽略短期技术破位与宏观冲击。  

**证据摘要**  
1. **技术面**：价格低于50日及10日均线约15%与4.5%；MACD位于零轴下方且负值扩大至-2.99；RSI处于40.33的弱势区域；关键支撑81.20-83.30港元正受考验。  
2. **新闻面**：美以对伊朗军事行动升级，伊朗称可能关闭霍尔木兹海峡，WTO警告全球贸易面临严重动荡，大幅提升避险情绪。  
3. **基本面**：公司2025年营收增长强劲、现金储备雄厚，但短期盈利承压，且无法对冲当前宏观与技术面风险。"
21,1347.HK,2026-03-30,lite,deepseek-chat,"market,news,fundamentals",results\analysis\1347.HK_2026_0421_0018_03,,backtest\output\0421-0008-1347HK\reports\2026-0330-1347HK,backtest\output\0421-0008-1347HK\reports\2026-0330-1347HK\2_decision\summary.md,4,8,28124,7479,"**分析日期**  
2026-03-30  

**分析截面**  
基于2026-03-27收盘价及截至2026-03-30的技术、新闻与基本面数据综合判断。  

**截面价格**  
82.80 美元  

**趋势判断**  
风险主导  

**建议行动**  
建议卖出  

**1-2周核心判断**  
技术面中期与短期趋势均已转空，价格受主要均线压制，且地缘政治风险引发板块性抛售，主导短期价格行为。尽管长期趋势向上且现金储备雄厚，但下行风险与防守需求已占优，应优先考虑降低风险。  

**执行摘要**  
技术结构破坏、宏观风险压制、基本面盈利疲弱三者叠加，短期风险高于机会。持仓者应优先减仓控制风险，而非等待反弹。  

**关键催化因素**  
1. 地缘政治局势若显著缓和，可能触发板块超跌反弹。  
2. 公司季度营收或毛利率指引超预期，可能修复基本面信心。  

**关键风险**  
1. 地缘政治风险持续，压制全球科技股风险偏好。  
2. 技术面关键支撑80.50美元若放量跌破，可能加速下跌。  
3. 公司毛利率持续疲软，盈利拐点未现。  

**入场方式**  
（已有持仓视角）在股价反弹至88.00-91.00美元阻力区域时减仓；若股价放量跌破80.50美元关键支撑，应进一步降低仓位或止损撤离。  

**失效条件**  
1. 股价放量突破并站稳91.75美元（强弱分界线）。  
2. 地缘政治风险迅速缓和，且股价出现放量企稳阳线收复10日EMA（约86.07美元）。  

**适合的场景**  
1. 持仓者执行风险控制、止盈止损。  
2. 风险厌恶型投资者规避不确定性阶段。  

**不适合的场景**  
1. 试图左侧抄底或博取短期反弹。  
2. 基于长期现金储备逻辑而忽视短期趋势破坏。  

**证据摘要**  
1. 技术面：价格已显著跌破50日及10日均线，MACD处于负值区间，RSI处于弱势区，布林带向下开口。  
2. 新闻面：地缘政治冲突升级引发板块抛售，股价单日跌超4%，市场情绪主导价格。  
3. 基本面：毛利率仅11.8%，经营溢利为负，盈利疲弱；虽现金储备雄厚，但短期无法抵消技术面与情绪面风险。"
22,1347.HK,2026-03-31,lite,deepseek-chat,"market,news,fundamentals",results\analysis\1347.HK_2026_0421_0019,,backtest\output\0421-0008-1347HK\reports\2026-0331-1347HK,backtest\output\0421-0008-1347HK\reports\2026-0331-1347HK\2_decision\summary.md,4,8,29425,8145,"**分析日期**  
2026-03-31  

**分析截面**  
综合技术面、新闻面与基本面分析。技术面显示短期下跌趋势明确，中期趋势破坏，长期趋势结构尚存；新闻面呈现“强基本面、弱宏观”的背离，股价受板块情绪与地缘风险压制；基本面处于战略投入期，财务安全垫厚但短期盈利能见度低。  

**截面价格**  
81.50 港元  

**趋势判断**  
风险主导  

**建议行动**  
建议卖出  

**1-2周核心判断**  
短期下行风险主导价格行为。技术面呈“高点下移、低点创新低”的放量下跌结构，MACD与RSI无企稳信号，价格已跌破关键中期均线。尽管长期趋势线（200日均线）仍提供远距离支撑，且公司存在重组催化剂，但宏观风险（地缘冲突、通胀担忧）与板块资金流出构成持续压力，短期调整尚未结束。核心矛盾已从“寻找买点”转向“控制风险”。  

**执行摘要**  
技术趋势破坏、宏观风险压制与板块资金流出共同构成短期下行压力。即使长期逻辑与基本面安全垫仍在，但1-2周内风险收益比恶化，应优先降低风险。  

**关键催化因素**  
1. 收购华力微重组获上交所受理（长期正面催化剂，但短期影响被宏观情绪覆盖）。  
2. 公司2025年收入增长20%，现金流强劲（提供长期价值支撑）。  

**关键风险**  
1. 技术面：价格放量跌破50日均线，短期均线呈空头排列，动量指标持续恶化。  
2. 宏观面：地缘冲突推高通胀担忧，压制科技股风险偏好，板块资金持续流出。  
3. 市场结构：股价呈现“放量下跌”，未见缩量企稳信号。  

**入场方式**  
（基于已有持仓视角）  
1. **减仓/止损**：建议在价格反弹至10日EMA（约84.50港元）附近或50日SMA（约97.00-97.20港元）阻力区域分批减仓。  
2. **撤离**：若收盘价有效跌破近期关键支撑77.75港元（布林带下轨下方），应考虑进一步止损撤离。  

**失效条件**  
（若卖出后需重新评估的条件）  
1. 价格在78.60-80.50港元支撑区域强势企稳，并出现日线级别放量阳线收复84.50港元（10日EMA）。  
2. MACD形成底背离金叉，且RSI重返40以上。  
3. 宏观风险显著缓和（如地缘局势降温、通胀数据好转），板块资金回流。  

**适合的场景**  
1. 持仓者优先控制回撤、降低风险暴露。  
2. 风险厌恶型投资者规避短期波动。  
3. 等待更明确的中期企稳信号后再考虑重新介入。  

**不适合的场景**  
1. 试图在当前下跌趋势中抄底或逆势加仓。  
2. 仅基于长期基本面逻辑而忽视短期技术破位与宏观风险。  

**证据摘要**  
1. **技术趋势破坏**：价格已跌破50日及10日均线，均线空头排列；MACD负值扩大，RSI处于弱势区间（35.64）；布林带向下开口，价格贴近下轨。  
2. **宏观风险主导**：地缘冲突推高通胀担忧，科技股风险偏好受压制；板块资金流出，个股基本面利好被暂时忽视。  
3. **交易建议一致性**：技术报告明确建议持仓者“在反弹至均线阻力时部分减仓”，潜在买入者“不建议立即抄底”；新闻报告建议短期“谨慎观望”。  
4. **缺乏企稳信号**：报告均指出需等待价格在关键支撑区域出现明确企稳信号，当前尚未满足。"
23,1347.HK,2026-04-01,lite,deepseek-chat,"market,news,fundamentals",results\analysis\1347.HK_2026_0421_0019_02,,backtest\output\0421-0008-1347HK\reports\2026-0401-1347HK,backtest\output\0421-0008-1347HK\reports\2026-0401-1347HK\2_decision\summary.md,4,8,29758,7722,"**分析日期**  
2026-04-01  

**分析截面**  
基于2026年3月31日收盘后的技术、新闻与基本面数据综合判断。  

**截面价格**  
77.65 美元  

**趋势判断**  
风险主导  

**建议行动**  
建议卖出  

**1-2周核心判断**  
技术面明确转弱，短中期均线呈空头排列，价格已跌破关键支撑并远离均线，下跌动量尚未衰竭。尽管长期基本面稳健且公司财务韧性极强，但宏观地缘政治风险（中东冲突推高通胀与避险情绪）主导短期市场情绪，个股利好被系统性抛压压制。当前下行风险占优，应优先考虑降低风险。  

**执行摘要**  
技术趋势破坏、宏观风险主导，持仓者应减仓或严格止损；潜在买入者需等待更明确的企稳信号，当前不宜介入。  

**关键催化因素**  
1. 华力微收购案获监管批准（公司层面重大催化剂）。  
2. 地缘政治局势出现缓和信号，全球风险偏好回升。  

**关键风险**  
1. 宏观地缘政治风险持续，压制全球科技股估值。  
2. 技术面下跌动量未衰竭，价格可能进一步探底。  
3. 行业复苏不及预期，公司短期盈利能见度低。  

**入场方式**  
（基于已有持仓视角）  
- 剩余仓位以近期反弹高点 **84.40-85.00 美元**（10日EMA与密集阻力区）作为止损参考；若反弹无力触及该区域，则以 **77.40 美元**（前低）作为最后防线，跌破则坚决减仓或离场。  

**失效条件**  
1. 价格放量突破并站稳 **90.00 美元**（强阻力平台），且MACD形成底背离金叉。  
2. 宏观风险显著缓和（如冲突方达成停火），同时股价收复 **84.40 美元** 并促使短期均线拐头向上。  

**适合的场景**  
- 持仓者进行风险控制，降低波动暴露。  
- 保守型投资者规避系统性风险与下行趋势。  

**不适合的场景**  
- 试图左侧抄底或逆势博弈反弹。  
- 基于长期基本面逻辑而忽视短期趋势破坏。  

**证据摘要**  
1. 技术面：价格低于所有短中期均线，MACD零下方走弱，布林带下轨破位，结构呈“高点下移、低点新低”。  
2. 新闻面：宏观地缘冲突推高避险情绪，板块普跌，个股利好暂时失效。  
3. 基本面：公司财务稳健、现金充裕，但短期盈利承压，无法对冲技术面与宏观风险。"
